code,tm,en
AD,Andorra,Andorra
AE,Birleşen Arap Emirlikleri,United Arab Emirates
AF,Owganystan,Afghanistan
AG,Antigua we Barbuda,Antigua & Barbuda
AI,Angilýa,Anguilla
AL,Albaniýa,Albania
AM,Ermenistan,Armenia
AO,Angola,Angola
AQ,Antarktika,Antarctica
AR,Argentina,Argentina
AS,Amerikan Samoasy,American Samoa
AT,Awstriýa,Austria
AU,Awstraliýa,Australia
AW,Aruba,Aruba
AX,Aland adalary,Åland Islands
AZ,Azerbaýjan,Azerbaijan
BA,Bosniýa we Gersegowina,Bosnia & Herzegovina
BB,Barbados,Barbados
BD,Bangladeş,Bangladesh
BE,Belgiýa,Belgium
BF,Burkina-Faso,Burkina Faso
BG,Bolgariýa,Bulgaria
BH,Bahreýn,Bahrain
BI,Burundi,Burundi
BJ,Benin,Benin
BL,Sen-Bartelemi,St. Barthélemy
BM,Bermuda,Bermuda
BN,Bruneý,Brunei
BO,Boliwiýa,Bolivia
BQ,Karib Niderlandlary,Caribbean Netherlands
BR,Braziliýa,Brazil
BS,Bagama adalary,Bahamas
BT,Butan,Bhutan
BV,Buwe adasy,Bouvet Island
BW,Botswana,Botswana
BY,Belarus,Belarus
BZ,Beliz,Belize
CA,Kanada,Canada
CC,Kokos (Kiling) adalary,Cocos (Keeling) Islands
CD,Kongo - Kinşasa,Congo - Kinshasa
CF,Merkezi Afrika Respublikasy,Central African Republic
CG,Kongo - Brazzawil,Congo - Brazzaville
CH,Şweýsariýa,Switzerland
CI,Kot-d’Iwuar,Côte d’Ivoire
CK,Kuk adalary,Cook Islands
CL,Çili,Chile
CM,Kamerun,Cameroon
CN,Hytaý,China
CO,Kolumbiýa,Colombia
CR,Kosta-Rika,Costa Rica
CU,Kuba,Cuba
CV,Kabo-Werde,Cape Verde
CW,Kýurasao,Curaçao
CX,Roždestwo adasy,Christmas Island
CY,Kipr,Cyprus
CZ,Çehiýa,Czechia
DE,Germaniýa,Germany
DJ,Jibuti,Djibouti
DK,Daniýa,Denmark
DM,Dominika,Dominica
DO,Dominikan Respublikasy,Dominican Republic
DZ,Alžir,Algeria
EC,Ekwador,Ecuador
EE,Estoniýa,Estonia
EG,Müsür,Egypt
EH,Günbatar Sahara,Western Sahara
ER,Eritreýa,Eritrea
ES,Ispaniýa,Spain
ET,Efiopiýa,Ethiopia
FI,Finlýandiýa,Finland
FJ,Fiji,Fiji
FK,Folklend adalary,Falkland Islands
FM,Mikroneziýa,Micronesia
FO,Farer adalary,Faroe Islands
FR,Fransiýa,France
GA,Gabon,Gabon
GB,Birleşen Patyşalyk,United Kingdom
GD,Grenada,Grenada
GE,Gruziýa,Georgia
GF,Fransuz Gwianasy,French Guiana
GG,Gernsi,Guernsey
GH,Gana,Ghana
GI,Gibraltar,Gibraltar
GL,Grenlandiýa,Greenland
GM,Gambiýa,Gambia
GN,Gwineýa,Guinea
GP,Gwadelupa,Guadeloupe
GQ,Ekwatorial Gwineýa,Equatorial Guinea
GR,Gresiýa,Greece
GS,Günorta Georgiýa we Günorta Sendwiç adasy,South Georgia & South Sandwich Islands
GT,Gwatemala,Guatemala
GU,Guam,Guam
GW,Gwineýa-Bisau,Guinea-Bissau
GY,Gaýana,Guyana
HK,Gonkong AAS Hytaý,Hong Kong SAR China
HM,Herd we Makdonald adalary,Heard & McDonald Islands
HN,Gonduras,Honduras
HR,Horwatiýa,Croatia
HT,Gaiti,Haiti
HU,Wengriýa,Hungary
ID,Indoneziýa,Indonesia
IE,Irlandiýa,Ireland
IL,Ysraýyl,Israel
IM,Men adasy,Isle of Man
IN,Hindistan,India
IO,Britaniýanyň Hindi okeanyndaky territoriýalary,British Indian Ocean Territory
IQ,Yrak,Iraq
IR,Eýran,Iran
IS,Islandiýa,Iceland
IT,Italiýa,Italy
JE,Jersi,Jersey
JM,Ýamaýka,Jamaica
JO,Iordaniýa,Jordan
JP,Ýaponiýa,Japan
KE,Keniýa,Kenya
KG,Gyrgyzystan,Kyrgyzstan
KH,Kamboja,Cambodia
KI,Kiribati,Kiribati
KM,Komor adalary,Comoros
KN,Sent-Kits we Newis,St. Kitts & Nevis
KP,Demirgazyk Koreýa,North Korea
KR,Günorta Koreýa,South Korea
KW,Kuweýt,Kuwait
KY,Kaýman adalary,Cayman Islands
KZ,Gazagystan,Kazakhstan
LA,Laos,Laos
LB,Liwan,Lebanon
LC,Sent-Lýusiýa,St. Lucia
LI,Lihtenşteýn,Liechtenstein
LK,Şri-Lanka,Sri Lanka
LR,Liberiýa,Liberia
LS,Lesoto,Lesotho
LT,Litwa,Lithuania
LU,Lýuksemburg,Luxembourg
LV,Latwiýa,Latvia
LY,Liwiýa,Libya
MA,Marokko,Morocco
MC,Monako,Monaco
MD,Moldowa,Moldova
ME,Çernogoriýa,Montenegro
MF,Sen-Marten,St. Martin
MG,Madagaskar,Madagascar
MH,Marşall adalary,Marshall Islands
MK,Demirgazyk Makedoniýa,North Macedonia
ML,Mali,Mali
MM,Mýanma (Birma),Myanmar (Burma)
MN,Mongoliýa,Mongolia
MO,Makao AAS Hytaý,Macao SAR China
MP,Demirgazyk Mariana adalary,Northern Mariana Islands
MQ,Martinika,Martinique
MR,Mawritaniýa,Mauritania
MS,Monserrat,Montserrat
MT,Malta,Malta
MU,Mawrikiý,Mauritius
MV,Maldiwler,Maldives
MW,Malawi,Malawi
MX,Meksika,Mexico
MY,Malaýziýa,Malaysia
MZ,Mozambik,Mozambique
NA,Namibiýa,Namibia
NC,Täze Kaledoniýa,New Caledonia
NE,Niger,Niger
NF,Norfolk adasy,Norfolk Island
NG,Nigeriýa,Nigeria
NI,Nikaragua,Nicaragua
NL,Niderlandlar,Netherlands
NO,Norwegiýa,Norway
NP,Nepal,Nepal
NR,Nauru,Nauru
NU,Niue,Niue
NZ,Täze Zelandiýa,New Zealand
OM,Oman,Oman
PA,Panama,Panama
PE,Peru,Peru
PF,Fransuz Polineziýasy,French Polynesia
PG,Papua - Täze Gwineýa,Papua New Guinea
PH,Filippinler,Philippines
PK,Pakistan,Pakistan
PL,Polşa,Poland
PM,Sen-Pýer we Mikelon,St. Pierre & Miquelon
PN,Pitkern adalary,Pitcairn Islands
PR,Puerto-Riko,Puerto Rico
PS,Palestina territoriýasy,Palestinian Territories
PT,Portugaliýa,Portugal
PW,Palau,Palau
PY,Paragwaý,Paraguay
QA,Katar,Qatar
RE,Reýunýon,Réunion
RO,Rumyniýa,Romania
RS,Serbiýa,Serbia
RU,Russiýa,Russia
RW,Ruanda,Rwanda
SA,Saud Arabystany,Saudi Arabia
SB,Solomon adalary,Solomon Islands
SC,Seýşel adalary,Seychelles
SD,Sudan,Sudan
SE,Şwesiýa,Sweden
SG,Singapur,Singapore
SH,Keramatly Ýelena adasy,St. Helena
SI,Sloweniýa,Slovenia
SJ,Şpisbergen we Ýan-Maýen,Svalbard & Jan Mayen
SK,Slowakiýa,Slovakia
SL,Sýerra-Leone,Sierra Leone
SM,San-Marino,San Marino
SN,Senegal,Senegal
SO,Somali,Somalia
SR,Surinam,Suriname
SS,Günorta Sudan,South Sudan
ST,San-Tome we Prinsipi,São Tomé & Príncipe
SV,Salwador,El Salvador
SX,Sint-Marten,Sint Maarten
SY,Siriýa,Syria
SZ,Eswatini,Eswatini
TC,Terks we Kaýkos adalary,Turks & Caicos Islands
TD,Çad,Chad
TF,Fransuz günorta territoriýalary,French Southern Territories
TG,Togo,Togo
TH,Taýland,Thailand
TJ,Täjigistan,Tajikistan
TK,Tokelau,Tokelau
TL,Timor-Leste,Timor-Leste
TM,Türkmenistan,Turkmenistan
TN,Tunis,Tunisia
TO,Tonga,Tonga
TR,Türkiýe,Türkiye
TT,Trinidad we Tobago,Trinidad & Tobago
TV,Tuwalu,Tuvalu
TW,Taýwan,Taiwan
TZ,Tanzaniýa,Tanzania
UA,Ukraina,Ukraine
UG,Uganda,Uganda
UM,ABŞ-nyň daşarky adalary,U.S. Outlying Islands
US,Amerikanyň Birleşen Ştatlary,United States
UY,Urugwaý,Uruguay
UZ,Özbegistan,Uzbekistan
VA,Watikan,Vatican City
VC,Sent-Winsent we Grenadinler,St. Vincent & Grenadines
VE,Wenesuela,Venezuela
VG,Britan Wirgin adalary,British Virgin Islands
VI,ABŞ-nyň Wirgin adalary,U.S. Virgin Islands
VN,Wýetnam,Vietnam
VU,Wanuatu,Vanuatu
WF,Uollis we Futuna,Wallis & Futuna
WS,Samoa,Samoa
YE,Ýemen,Yemen
YT,Maýotta,Mayotte
ZA,Günorta Afrika,South Africa
ZM,Zambiýa,Zambia
ZW,Zimbabwe,Zimbabwe
