iso,country,language,id,region1,region2,region3,region4,locality,postcode,suburb,latitude,longitude,elevation,iso2,fips,nuts,hasc,stat,timezone,utc,dst,locality_type,is_postal,is_business,is_po_box,post_town
TM,Turkmenistan,EN,1006203395,Ahal,Akbugdaý,,,Änew,745205,,37.903920,58.504875,231,TM-A,TX01,,TM.AL,,Asia/Ashgabat,+05:00,+05:00,town,1,0,0,
TM,Turkmenistan,EN,1079318787,Ahal,Akbugdaý,,,Bereket,745208,,37.483336,59.361052,251,TM-A,TX01,,TM.AL,,Asia/Ashgabat,+05:00,+05:00,town,1,0,0,
TM,Turkmenistan,EN,1006203405,Ahal,Akbugdaý,,,Kiçi aga,,,36.550200,61.257400,277,TM-A,TX01,,TM.AL,,Asia/Ashgabat,+05:00,+05:00,town,1,0,0,
TM,Turkmenistan,EN,1006203396,Ahal,Akbugdaý,,,Ruhabat,,,37.995889,58.320880,213,TM-A,TX01,,TM.AL,,Asia/Ashgabat,+05:00,+05:00,town,1,0,0,
TM,Turkmenistan,EN,1079318810,Ahal,Akbugdaý,,,Ýaşlyk,745214,,37.483336,59.361052,251,TM-A,TX01,,TM.AL,,Asia/Ashgabat,+05:00,+05:00,town,1,0,0,
TM,Turkmenistan,EN,1006203318,Ahal,Babadaýhan,,,Babadaýhan,745380,,37.692205,60.387983,167,TM-A,TX01,,TM.AL,,Asia/Ashgabat,+05:00,+05:00,town,1,0,0,
TM,Turkmenistan,EN,1079318759,Ahal,Babadaýhan,,,Babadaýhan,745387,,37.692205,60.387983,167,TM-A,TX01,,TM.AL,,Asia/Ashgabat,+05:00,+05:00,town,1,0,0,
TM,Turkmenistan,EN,1079318822,Ahal,Babadaýhan,,,Duşak,745340,,37.191807,60.009470,259,TM-A,TX01,,TM.AL,,Asia/Ashgabat,+05:00,+05:00,town,1,0,0,
TM,Turkmenistan,EN,1006203398,Ahal,Baharly,,,Baharly,,,38.435166,57.427468,162,TM-A,TX01,,TM.AL,,Asia/Ashgabat,+05:00,+05:00,town,1,0,0,
TM,Turkmenistan,EN,1006203319,Ahal,Baharly,,,Baherden,,,38.435367,57.429528,162,TM-A,TX01,,TM.AL,,Asia/Ashgabat,+05:00,+05:00,town,1,0,0,
TM,Turkmenistan,EN,1006203399,Ahal,Baharly,,,Bamy,,,38.733329,56.798673,75,TM-A,TX01,,TM.AL,,Asia/Ashgabat,+05:00,+05:00,town,1,0,0,
TM,Turkmenistan,EN,1006203320,Ahal,Derweze,,,Darvaza,,,40.178773,58.415337,113,TM-A,TX01,,TM.AL,,Asia/Ashgabat,+05:00,+05:00,town,1,0,0,
TM,Turkmenistan,EN,1006203321,Ahal,Gökdepe,,,Gökdepe,745190,,38.157944,57.960799,207,TM-A,TX01,,TM.AL,,Asia/Ashgabat,+05:00,+05:00,town,1,0,0,
TM,Turkmenistan,EN,1006203322,Ahal,Kaka,,,Kaka,,,37.348226,59.618883,289,TM-A,TX01,,TM.AL,,Asia/Ashgabat,+05:00,+05:00,town,1,0,0,
TM,Turkmenistan,EN,1006203323,Ahal,Serakhs,,,Sarahs,745250,,36.533497,61.216121,281,TM-A,TX01,,TM.AL,,Asia/Ashgabat,+05:00,+05:00,town,1,0,0,
TM,Turkmenistan,EN,1079318758,Ahal,Tejen,,,Çäçe,745370,,36.773333,60.553333,287,TM-A,TX01,,TM.AL,,Asia/Ashgabat,+05:00,+05:00,town,1,0,0,
TM,Turkmenistan,EN,1079318821,Ahal,Tejen,,,Mäne,745360,,36.865907,60.411559,289,TM-A,TX01,,TM.AL,,Asia/Ashgabat,+05:00,+05:00,town,1,0,0,
TM,Turkmenistan,EN,1006203324,Ahal,Tejen,,,Tejen,745360,,37.386787,60.502410,189,TM-A,TX01,,TM.AL,,Asia/Ashgabat,+05:00,+05:00,town,1,0,0,
TM,Turkmenistan,EN,1006203368,Ahal,Türkmengala,,,Türkmengala,,,37.391605,62.345781,253,TM-A,TX01,,TM.AL,,Asia/Ashgabat,+05:00,+05:00,town,1,0,0,
TM,Turkmenistan,EN,1079318803,Ahal,Türkmengala,,,Watan,745206,,37.391605,62.345781,253,TM-A,TX01,,TM.AL,,Asia/Ashgabat,+05:00,+05:00,town,1,0,0,
TM,Turkmenistan,EN,1079318784,Ahal,Türkmengala,,,Zähmet,745383,,37.391605,62.345781,253,TM-A,TX01,,TM.AL,,Asia/Ashgabat,+05:00,+05:00,town,1,0,0,
TM,Turkmenistan,EN,1079318788,Aşgabat,Abadan,,,Aşgabat,744008,,38.061434,58.173337,230,TM-S,TX00,,TM.AB,,Asia/Ashgabat,+05:00,+05:00,town,1,0,0,
TM,Turkmenistan,EN,1079318825,Aşgabat,Abadan,,,Aşgabat,744032,,38.061434,58.173337,230,TM-S,TX00,,TM.AB,,Asia/Ashgabat,+05:00,+05:00,town,1,0,0,
TM,Turkmenistan,EN,1079318748,Aşgabat,Abadan,,,Aşgabat,744037,,38.061434,58.173337,230,TM-S,TX00,,TM.AB,,Asia/Ashgabat,+05:00,+05:00,town,1,0,0,
TM,Turkmenistan,EN,1079318834,Aşgabat,Bagtyýarlyk,,,Aşgabat,744001,,37.990637,58.395338,197,TM-S,TX00,,TM.AB,,Asia/Ashgabat,+05:00,+05:00,town,1,0,0,
TM,Turkmenistan,EN,1079318760,Aşgabat,Bagtyýarlyk,,,Aşgabat,744003,,37.990637,58.395338,197,TM-S,TX00,,TM.AB,,Asia/Ashgabat,+05:00,+05:00,town,1,0,0,
TM,Turkmenistan,EN,1079318745,Aşgabat,Bagtyýarlyk,,,Aşgabat,744010,,37.990637,58.395338,197,TM-S,TX00,,TM.AB,,Asia/Ashgabat,+05:00,+05:00,town,1,0,0,
TM,Turkmenistan,EN,1079318746,Aşgabat,Bagtyýarlyk,,,Aşgabat,744012,,37.990637,58.395338,197,TM-S,TX00,,TM.AB,,Asia/Ashgabat,+05:00,+05:00,town,1,0,0,
TM,Turkmenistan,EN,1079318828,Aşgabat,Bagtyýarlyk,,,Aşgabat,744020,,37.990637,58.395338,197,TM-S,TX00,,TM.AB,,Asia/Ashgabat,+05:00,+05:00,town,1,0,0,
TM,Turkmenistan,EN,1079318827,Aşgabat,Bagtyýarlyk,,,Aşgabat,744025,,37.990637,58.395338,197,TM-S,TX00,,TM.AB,,Asia/Ashgabat,+05:00,+05:00,town,1,0,0,
TM,Turkmenistan,EN,1079318819,Aşgabat,Berkararlyk,,,Aşgabat,744002,,37.946305,58.425078,206,TM-S,TX00,,TM.AB,,Asia/Ashgabat,+05:00,+05:00,town,1,0,0,
TM,Turkmenistan,EN,1079318832,Aşgabat,Berkararlyk,,,Aşgabat,744005,,37.946305,58.425078,206,TM-S,TX00,,TM.AB,,Asia/Ashgabat,+05:00,+05:00,town,1,0,0,
TM,Turkmenistan,EN,1079318830,Aşgabat,Berkararlyk,,,Aşgabat,744015,,37.946305,58.425078,206,TM-S,TX00,,TM.AB,,Asia/Ashgabat,+05:00,+05:00,town,1,0,0,
TM,Turkmenistan,EN,1079318824,Aşgabat,Berkararlyk,,,Aşgabat,744035,,37.946305,58.425078,206,TM-S,TX00,,TM.AB,,Asia/Ashgabat,+05:00,+05:00,town,1,0,0,
TM,Turkmenistan,EN,1037592708,Aşgabat,Köpetdag,,,Aşgabat,744000,Köpetdag etraby,37.956812,58.343295,230,TM-S,TX00,,TM.AB,,Asia/Ashgabat,+05:00,+05:00,town,1,0,0,
TM,Turkmenistan,EN,1079318833,Aşgabat,Köpetdag,,,Aşgabat,744004,,37.921615,58.379524,246,TM-S,TX00,,TM.AB,,Asia/Ashgabat,+05:00,+05:00,town,1,0,0,
TM,Turkmenistan,EN,1079318831,Aşgabat,Köpetdag,,,Aşgabat,744013,,37.921615,58.379524,246,TM-S,TX00,,TM.AB,,Asia/Ashgabat,+05:00,+05:00,town,1,0,0,
TM,Turkmenistan,EN,1079318829,Aşgabat,Köpetdag,,,Aşgabat,744017,,37.921615,58.379524,246,TM-S,TX00,,TM.AB,,Asia/Ashgabat,+05:00,+05:00,town,1,0,0,
TM,Turkmenistan,EN,1079318826,Aşgabat,Köpetdag,,,Aşgabat,744027,,37.921615,58.379524,246,TM-S,TX00,,TM.AB,,Asia/Ashgabat,+05:00,+05:00,town,1,0,0,
TM,Turkmenistan,EN,1079318747,Aşgabat,Köpetdag,,,Aşgabat,744028,,37.921615,58.379524,246,TM-S,TX00,,TM.AB,,Asia/Ashgabat,+05:00,+05:00,town,1,0,0,
TM,Turkmenistan,EN,1079318823,Aşgabat,Köpetdag,,,Aşgabat,744036,,37.921615,58.379524,246,TM-S,TX00,,TM.AB,,Asia/Ashgabat,+05:00,+05:00,town,1,0,0,
TM,Turkmenistan,EN,1006203325,Balkan,Bereket,,,Bereket,745130,,39.250132,55.515375,31,TM-B,TX02,,TM.BA,,Asia/Ashgabat,+05:00,+05:00,town,1,0,0,
TM,Turkmenistan,EN,1006203417,Balkan,Esenguly,,,Balkanabat,745100,,39.518222,54.339023,4,TM-B,TX02,,TM.BA,,Asia/Ashgabat,+05:00,+05:00,town,1,0,0,
TM,Turkmenistan,EN,1079318754,Balkan,Esenguly,,,Balkanabat,745102,,39.518222,54.339023,4,TM-B,TX02,,TM.BA,,Asia/Ashgabat,+05:00,+05:00,town,1,0,0,
TM,Turkmenistan,EN,1079318755,Balkan,Esenguly,,,Balkanabat,745104,,39.518222,54.339023,4,TM-B,TX02,,TM.BA,,Asia/Ashgabat,+05:00,+05:00,town,1,0,0,
TM,Turkmenistan,EN,1079318756,Balkan,Esenguly,,,Balkanabat,745106,,39.518222,54.339023,4,TM-B,TX02,,TM.BA,,Asia/Ashgabat,+05:00,+05:00,town,1,0,0,
TM,Turkmenistan,EN,1079318792,Balkan,Esenguly,,,Ekerem,745244,,38.801391,53.817333,-29,TM-B,TX02,,TM.BA,,Asia/Ashgabat,+05:00,+05:00,town,1,0,0,
TM,Turkmenistan,EN,1006203326,Balkan,Esenguly,,,Esenguly,745240,,37.464444,53.979444,-22,TM-B,TX02,,TM.BA,,Asia/Ashgabat,+05:00,+05:00,town,1,0,0,
TM,Turkmenistan,EN,1079318796,Balkan,Esenguly,,,Garadepe,745243,,38.801391,53.817333,-29,TM-B,TX02,,TM.BA,,Asia/Ashgabat,+05:00,+05:00,town,1,0,0,
TM,Turkmenistan,EN,1006203416,Balkan,Esenguly,,,Hazar,745030,,39.421506,53.133533,-17,TM-B,TX02,,TM.BA,,Asia/Ashgabat,+05:00,+05:00,town,1,0,0,
TM,Turkmenistan,EN,1079318786,Balkan,Etrek,,,Etrek,745015,,38.434983,54.680547,37,TM-B,TX02,,TM.BA,,Asia/Ashgabat,+05:00,+05:00,town,1,0,0,
TM,Turkmenistan,EN,1079318757,Balkan,Etrek,,,Gumdag,745116,,39.205385,54.593210,7,TM-B,TX02,,TM.BA,,Asia/Ashgabat,+05:00,+05:00,town,1,0,0,
TM,Turkmenistan,EN,1006203327,Balkan,Etrek,,,Gyzyletrek,,,37.664581,54.767884,30,TM-B,TX02,,TM.BA,,Asia/Ashgabat,+05:00,+05:00,town,1,0,0,
TM,Turkmenistan,EN,1006203328,Balkan,Magtymguly,,,Garrygala,,,38.436365,56.284009,314,TM-B,TX02,,TM.BA,,Asia/Ashgabat,+05:00,+05:00,town,1,0,0,
TM,Turkmenistan,EN,1079318814,Balkan,Magtymguly,,,Magtymguly,745160,,38.436365,56.284009,314,TM-B,TX02,,TM.BA,,Asia/Ashgabat,+05:00,+05:00,town,1,0,0,
TM,Turkmenistan,EN,1006203329,Balkan,Serdar,,,Serdar,745150,,38.978518,56.279998,101,TM-B,TX02,,TM.BA,,Asia/Ashgabat,+05:00,+05:00,town,1,0,0,
TM,Turkmenistan,EN,1006203415,Balkan,Türkmenbaşy,,,Bekdaş,,,41.541347,52.576103,-24,TM-B,TX02,,TM.BA,,Asia/Ashgabat,+05:00,+05:00,town,1,0,0,
TM,Turkmenistan,EN,1079318805,Balkan,Türkmenbaşy,,,Garabogaz,745014,,40.776937,52.783352,-29,TM-B,TX02,,TM.BA,,Asia/Ashgabat,+05:00,+05:00,town,1,0,0,
TM,Turkmenistan,EN,1006203330,Balkan,Türkmenbaşy,,,Türkmenbaşy,745000,,40.012527,52.990601,9,TM-B,TX02,,TM.BA,,Asia/Ashgabat,+05:00,+05:00,town,1,0,0,
TM,Turkmenistan,EN,1079318835,Balkan,Türkmenbaşy,,,Türkmenbaşy,745002,,40.012527,52.990601,9,TM-B,TX02,,TM.BA,,Asia/Ashgabat,+05:00,+05:00,town,1,0,0,
TM,Turkmenistan,EN,1079318749,Balkan,Türkmenbaşy,,,Türkmenbaşy,745003,,40.012527,52.990601,9,TM-B,TX02,,TM.BA,,Asia/Ashgabat,+05:00,+05:00,town,1,0,0,
TM,Turkmenistan,EN,1079318750,Balkan,Türkmenbaşy,,,Türkmenbaşy,745005,,40.012527,52.990601,9,TM-B,TX02,,TM.BA,,Asia/Ashgabat,+05:00,+05:00,town,1,0,0,
TM,Turkmenistan,EN,1079318751,Balkan,Türkmenbaşy,,,Türkmenbaşy,745007,,40.012527,52.990601,9,TM-B,TX02,,TM.BA,,Asia/Ashgabat,+05:00,+05:00,town,1,0,0,
TM,Turkmenistan,EN,1079318752,Balkan,Türkmenbaşy,,,Türkmenbaşy,745010,,40.012527,52.990601,9,TM-B,TX02,,TM.BA,,Asia/Ashgabat,+05:00,+05:00,town,1,0,0,
TM,Turkmenistan,EN,1079318753,Balkan,Türkmenbaşy,,,Türkmenbaşy,745012,,40.012527,52.990601,9,TM-B,TX02,,TM.BA,,Asia/Ashgabat,+05:00,+05:00,town,1,0,0,
TM,Turkmenistan,EN,1006203331,Daşoguz,Akdepe,,,Akdepe,746340,,42.051919,59.384494,76,TM-D,TX03,,TM.DA,,Asia/Ashgabat,+05:00,+05:00,town,1,0,0,
TM,Turkmenistan,EN,1006203421,Daşoguz,Akdepe,,,Nyýazow,746311,,41.850000,59.800000,82,TM-D,TX03,,TM.DA,,Asia/Ashgabat,+05:00,+05:00,town,1,0,0,
TM,Turkmenistan,EN,1006203423,Daşoguz,Akdepe,,,Ruhubelent,746401,,40.500000,60.500000,138,TM-D,TX03,,TM.DA,,Asia/Ashgabat,+05:00,+05:00,town,1,0,0,
TM,Turkmenistan,EN,1006203332,Daşoguz,Boldumsaz,,,Boldumsaz,746350,,42.128145,59.666061,79,TM-D,TX03,,TM.DA,,Asia/Ashgabat,+05:00,+05:00,town,1,0,0,
TM,Turkmenistan,EN,1079318785,Daşoguz,Daşoguz,,,Bagtyýar Zaman,746311,,41.850000,59.800000,82,TM-D,TX03,,TM.DA,,Asia/Ashgabat,+05:00,+05:00,town,1,0,0,
TM,Turkmenistan,EN,1079318774,Daşoguz,Daşoguz,,,Daşoguz,746303,,41.237311,58.675044,71,TM-D,TX03,,TM.DA,,Asia/Ashgabat,+05:00,+05:00,town,1,0,0,
TM,Turkmenistan,EN,1079318775,Daşoguz,Daşoguz,,,Daşoguz,746304,,41.237311,58.675044,71,TM-D,TX03,,TM.DA,,Asia/Ashgabat,+05:00,+05:00,town,1,0,0,
TM,Turkmenistan,EN,1079318776,Daşoguz,Daşoguz,,,Daşoguz,746305,,41.237311,58.675044,71,TM-D,TX03,,TM.DA,,Asia/Ashgabat,+05:00,+05:00,town,1,0,0,
TM,Turkmenistan,EN,1079318777,Daşoguz,Daşoguz,,,Daşoguz,746307,,41.237311,58.675044,71,TM-D,TX03,,TM.DA,,Asia/Ashgabat,+05:00,+05:00,town,1,0,0,
TM,Turkmenistan,EN,1079318778,Daşoguz,Daşoguz,,,Daşoguz,746309,,41.237311,58.675044,71,TM-D,TX03,,TM.DA,,Asia/Ashgabat,+05:00,+05:00,town,1,0,0,
TM,Turkmenistan,EN,1079318779,Daşoguz,Daşoguz,,,Daşoguz,746310,,41.237311,58.675044,71,TM-D,TX03,,TM.DA,,Asia/Ashgabat,+05:00,+05:00,town,1,0,0,
TM,Turkmenistan,EN,1079318780,Daşoguz,Daşoguz,,,Daşoguz,746313,,41.237311,58.675044,71,TM-D,TX03,,TM.DA,,Asia/Ashgabat,+05:00,+05:00,town,1,0,0,
TM,Turkmenistan,EN,1079318781,Daşoguz,Daşoguz,,,Daşoguz,746314,,41.237311,58.675044,71,TM-D,TX03,,TM.DA,,Asia/Ashgabat,+05:00,+05:00,town,1,0,0,
TM,Turkmenistan,EN,1079318782,Daşoguz,Daşoguz,,,Daşoguz,746315,,41.237311,58.675044,71,TM-D,TX03,,TM.DA,,Asia/Ashgabat,+05:00,+05:00,town,1,0,0,
TM,Turkmenistan,EN,1079318790,Daşoguz,Görogly,,,Görogly,746380,,41.652581,59.904542,86,TM-D,TX03,,TM.DA,,Asia/Ashgabat,+05:00,+05:00,town,1,0,0,
TM,Turkmenistan,EN,1006203334,Daşoguz,Görogly,,,Tagta,,,41.652581,59.904542,86,TM-D,TX03,,TM.DA,,Asia/Ashgabat,+05:00,+05:00,town,1,0,0,
TM,Turkmenistan,EN,1006203335,Daşoguz,Gubadag,,,Gubadag,746363,,42.077388,59.947243,84,TM-D,TX03,,TM.DA,,Asia/Ashgabat,+05:00,+05:00,town,1,0,0,
TM,Turkmenistan,EN,1006203336,Daşoguz,Gurbansoltan Eje,,,Ýylanly,746320,,41.873427,59.639540,78,TM-D,TX03,,TM.DA,,Asia/Ashgabat,+05:00,+05:00,town,1,0,0,
TM,Turkmenistan,EN,1006203337,Daşoguz,Köneürgenç,,,Köne-ürgenç,,,41.237311,58.675044,71,TM-D,TX03,,TM.DA,,Asia/Ashgabat,+05:00,+05:00,town,1,0,0,
TM,Turkmenistan,EN,1006203340,Daşoguz,Saparmyrat Türkmenbaşy,,,Saparmyrat Türkmenbaşy,746400,,40.200000,60.000000,163,TM-D,TX03,,TM.DA,,Asia/Ashgabat,+05:00,+05:00,town,1,0,0,
TM,Turkmenistan,EN,1006203411,Lebap,Beýik Türkmenbashy,,,Birata,,,37.807015,66.369344,583,TM-L,TX04,,TM.LE,,Asia/Ashgabat,+05:00,+05:00,town,1,0,0,
TM,Turkmenistan,EN,1006203343,Lebap,Birata,,,Darganata,746240,,40.484517,62.158050,143,TM-L,TX04,,TM.LE,,Asia/Ashgabat,+05:00,+05:00,town,1,0,0,
TM,Turkmenistan,EN,1006203412,Lebap,Birata,,,Gazojak,,,41.185078,61.402470,120,TM-L,TX04,,TM.LE,,Asia/Ashgabat,+05:00,+05:00,town,1,0,0,
TM,Turkmenistan,EN,1006203344,Lebap,Farap,,,Farap,746070,,39.175780,63.609407,191,TM-L,TX04,,TM.LE,,Asia/Ashgabat,+05:00,+05:00,town,1,0,0,
TM,Turkmenistan,EN,1006203345,Lebap,Galkynyş,,,Dänew,746200,,39.266667,63.183333,181,TM-L,TX04,,TM.LE,,Asia/Ashgabat,+05:00,+05:00,town,1,0,0,
TM,Turkmenistan,EN,1006203414,Lebap,Galkynyş,,,Serdarabat,,,39.064488,63.588095,190,TM-L,TX04,,TM.LE,,Asia/Ashgabat,+05:00,+05:00,town,1,0,0,
TM,Turkmenistan,EN,1006203346,Lebap,Garabekewül,,,Garabekewül,,,38.476470,64.155650,212,TM-L,TX04,,TM.LE,,Asia/Ashgabat,+05:00,+05:00,town,1,0,0,
TM,Turkmenistan,EN,1006203413,Lebap,Garaşsyzlyk,,,Türkmenbaşy,,,36.000000,63.000000,593,TM-L,TX04,,TM.LE,,Asia/Ashgabat,+05:00,+05:00,town,1,0,0,
TM,Turkmenistan,EN,1006203348,Lebap,Halaç,,,Halaç,746632,,38.074325,64.884209,231,TM-L,TX04,,TM.LE,,Asia/Ashgabat,+05:00,+05:00,town,1,0,0,
TM,Turkmenistan,EN,1079318798,Lebap,Hojambaz,,,Döwletli,746613,,36.000000,63.000000,593,TM-L,TX04,,TM.LE,,Asia/Ashgabat,+05:00,+05:00,town,1,0,0,
TM,Turkmenistan,EN,1079318797,Lebap,Hojambaz,,,Döwletli,746614,,38.118193,64.998640,234,TM-L,TX04,,TM.LE,,Asia/Ashgabat,+05:00,+05:00,town,1,0,0,
TM,Turkmenistan,EN,1006203349,Lebap,Hojambaz,,,Hojambaz,746150,,38.118193,64.998640,233,TM-L,TX04,,TM.LE,,Asia/Ashgabat,+05:00,+05:00,town,1,0,0,
TM,Turkmenistan,EN,1006203341,Lebap,Kerki,,,Kerki,746620,,37.814388,65.202096,245,TM-L,TX04,,TM.LE,,Asia/Ashgabat,+05:00,+05:00,town,1,0,0,
TM,Turkmenistan,EN,1006203350,Lebap,Köýtendag,,,Köýtendag,746670,,37.790703,66.509408,2025,TM-L,TX04,,TM.LE,,Asia/Ashgabat,+05:00,+05:00,town,1,0,0,
TM,Turkmenistan,EN,1006203352,Lebap,Magdanly,,,Magdanly,,,38.880655,63.132333,179,TM-L,TX04,,TM.LE,,Asia/Ashgabat,+05:00,+05:00,town,1,0,0,
