iso,country,language,level,type,name,region1,region2,region3,region4,iso2,fips,nuts,hasc,stat
TM,Turkmenistan,EN,0,Country,Turkmenistan,,,,,,,,,
TM,Turkmenistan,EN,1,Capital city,Aşgabat,Aşgabat,,,,TM-S,TX00,,TM.AB,
TM,Turkmenistan,EN,1,Welayatlar,Ahal,Ahal,,,,TM-A,TX01,,TM.AL,
TM,Turkmenistan,EN,1,Welayatlar,Balkan,Balkan,,,,TM-B,TX02,,TM.BA,
TM,Turkmenistan,EN,1,Welayatlar,Daşoguz,Daşoguz,,,,TM-D,TX03,,TM.DA,
TM,Turkmenistan,EN,1,Welayatlar,Lebap,Lebap,,,,TM-L,TX04,,TM.LE,
TM,Turkmenistan,EN,1,Welayatlar,Mary,Mary,,,,TM-M,TX05,,TM.MA,
TM,Turkmenistan,EN,2,City districts,Baýramaly,Mary,Baýramaly,,,TM-M,TX05,,TM.MA,
TM,Turkmenistan,EN,2,City districts,Daşoguz,Daşoguz,Daşoguz,,,TM-D,TX03,,TM.DA,
TM,Turkmenistan,EN,2,City districts,Köneürgenç,Daşoguz,Köneürgenç,,,TM-D,TX03,,TM.DA,
TM,Turkmenistan,EN,2,City districts,Magdanly,Lebap,Magdanly,,,TM-L,TX04,,TM.LE,
TM,Turkmenistan,EN,2,City districts,Seýdi,Lebap,Seýdi,,,TM-L,TX04,,TM.LE,
TM,Turkmenistan,EN,2,City districts,Türkmenabat,Lebap,Türkmenabat,,,TM-L,TX04,,TM.LE,
TM,Turkmenistan,EN,2,County districts,Abadan,Aşgabat,Abadan,,,TM-S,TX00,,TM.AB,
TM,Turkmenistan,EN,2,County districts,Akbugdaý,Ahal,Akbugdaý,,,TM-A,TX01,,TM.AL,
TM,Turkmenistan,EN,2,County districts,Akdepe,Daşoguz,Akdepe,,,TM-D,TX03,,TM.DA,
TM,Turkmenistan,EN,2,County districts,Babadaýhan,Ahal,Babadaýhan,,,TM-A,TX01,,TM.AL,
TM,Turkmenistan,EN,2,County districts,Bagtyýarlyk,Aşgabat,Bagtyýarlyk,,,TM-S,TX00,,TM.AB,
TM,Turkmenistan,EN,2,County districts,Baharly,Ahal,Baharly,,,TM-A,TX01,,TM.AL,
TM,Turkmenistan,EN,2,County districts,Balkanabat,Balkan,Balkanabat,,,TM-B,TX02,,TM.BA,
TM,Turkmenistan,EN,2,County districts,Baýramaly etraby,Mary,Baýramaly etraby,,,TM-M,TX05,,TM.MA,
TM,Turkmenistan,EN,2,County districts,Bereket,Balkan,Bereket,,,TM-B,TX02,,TM.BA,
TM,Turkmenistan,EN,2,County districts,Berkararlyk,Aşgabat,Berkararlyk,,,TM-S,TX00,,TM.AB,
TM,Turkmenistan,EN,2,County districts,Beýik Türkmenbashy,Lebap,Beýik Türkmenbashy,,,TM-L,TX04,,TM.LE,
TM,Turkmenistan,EN,2,County districts,Birata,Lebap,Birata,,,TM-L,TX04,,TM.LE,
TM,Turkmenistan,EN,2,County districts,Boldumsaz,Daşoguz,Boldumsaz,,,TM-D,TX03,,TM.DA,
TM,Turkmenistan,EN,2,County districts,Boldumsaz,Mary,Boldumsaz,,,TM-M,TX05,,TM.MA,
TM,Turkmenistan,EN,2,County districts,Dänew,Lebap,Dänew,,,TM-L,TX04,,TM.LE,
TM,Turkmenistan,EN,2,County districts,Darganata,Lebap,Darganata,,,TM-L,TX04,,TM.LE,
TM,Turkmenistan,EN,2,County districts,Derweze,Ahal,Derweze,,,TM-A,TX01,,TM.AL,
